properties.level,properties.speed,properties.day_of_week,properties.weekday_weekend,X,Y,MaxInjuryS,LightCondi,Commercial,NumberOfFa,NumberOfIn,NumberOfOt,NumberOfSe,NumberOfVe,Intersecti,interstate_is_odd,year,day_sin,day_cos,month_sin,month_cos,hour_sin,hour_cos,minute_sin,minute_cos,curve,grade,WET,DRY,UNKNOWN,FLOODED WATER,SNOW/ICE,SLUSH,two_way,divided,protected_medium,CLOUDY,CLEAR,RAIN,SLEET/HAIL/FREEZING RAIN,SNOW,CollisionT,CrashType,TrafficCon,CountyName,CityTownNa,properties.delay,properties.length,Predicted Delay,Predicted Length
1.0,39.89209666666667,4,0,-73.8188082194168,42.6905365304508,0,3,0,0,0,0,0,1,0,0,2022,0.72479278722912,0.6889669190756866,0.8660254037844386,0.5000000000000001,-0.9976687691905392,-0.0682424133646704,0.5528000653611936,-0.8333139190825148,0,0,0,0,0,0,1,0,0,0,0,0,0,0,1,0,other,collision with other barrier,none,albany,albany,1.8666666666666667,3.503911069,1.1908500000000024,2.6533535893600173
3.0,15.422458555555558,3,0,-73.8263400288737,40.8544714512574,1,0,0,0,1,1,0,2,0,1,2022,-2.4492935982947064e-16,1.0,1.0,6.123233995736766e-17,-0.9422609221188204,-0.3348796121709864,-0.9968120070307502,0.0797861055530826,0,0,0,1,0,0,0,0,0,0,0,0,1,0,0,0,rear end,collision with motor vehicle,none,bronx,bronx,2.6166666666666667,0.91962908,1.8007833333333239,1.0104902972170118
1.0,42.07311316666667,5,1,-76.0422069006089,42.4571389296367,0,0,0,0,0,0,0,1,0,1,2022,0.6513724827222223,-0.758758122692791,1.0,6.123233995736766e-17,0.8169698930104421,-0.5766803221148671,-0.8183027759081689,0.574787410214407,0,0,0,0,0,0,1,0,0,0,0,0,0,0,0,1,other,collision with earth element rock cut ditch,none,cortland,marathon,1.0166666666666666,1.824966627,1.904216666666667,3.5631917265130135
1.0,46.92603022222221,0,0,-75.5260340597308,42.2020580977804,0,3,0,0,0,0,0,1,0,0,2022,-0.2993631229733582,-0.9541392564000488,0.4999999999999999,0.8660254037844387,0.730835964278124,0.6825531432186541,-0.4132121857683782,0.9106347728549132,0,0,0,0,0,0,1,0,0,0,0,0,0,0,0,1,other,collision with guide rail,none,chenango,afton,1.4666666666666666,3.694050595,1.6731499999999717,3.968584108849047
1.0,38.74255805555556,5,1,-75.9821163669396,42.3460793348047,0,0,0,0,0,0,0,1,0,1,2022,0.6513724827222223,-0.758758122692791,1.0,6.123233995736766e-17,-0.816969893010442,-0.5766803221148672,0.0532221748421787,-0.998582695676762,1,0,0,0,0,0,1,0,0,0,0,0,0,0,0,1,other,collision with guide rail,none,broome,triangle,1.25,1.83925816,1.5834833333333356,2.718245848374016
4.0,7.860358611111112,4,0,-78.9379526669586,42.9989527909613,1,2,0,0,1,1,0,2,0,0,2021,0.485301962531081,-0.8743466161445821,-0.8660254037844385,-0.5000000000000004,-2.4492935982947064e-16,1.0,0.3641605752528221,-0.9313361774523384,0,0,1,0,0,0,0,0,0,0,0,0,0,1,0,0,rear end,collision with motor vehicle,none,erie,grand island,9.233333333333333,1.403677089,6.818833333333433,1.2388211489899954
1.0,42.023403388888894,4,0,-73.7241219315392,42.678347720155,0,0,0,0,0,0,0,1,0,1,2022,-0.9377521321470804,0.3473052528448203,0.8660254037844386,0.5000000000000001,0.1361666490962471,-0.9906859460363306,0.6783118362696161,0.7347741508630673,0,0,0,0,0,0,1,0,0,0,0,0,0,0,0,1,other,collision with sign post,none,albany,menands,1.0333333333333334,2.186604549,1.2132166666666644,2.39502853804599
1.0,45.4658055,1,0,-79.1781134157076,42.1366722884216,0,0,0,0,0,0,0,2,0,0,2022,-0.4853019625310808,-0.8743466161445822,0.4999999999999999,0.8660254037844387,0.631087944326053,-0.7757112907044197,-0.8747630845319616,0.4845508703326496,0,0,1,0,0,0,0,0,0,0,0,1,0,0,0,0,overtaking,collision with motor vehicle,none,chautauqua,poland,1.9333333333333331,4.547192978,1.9653500000000013,3.192138169750007
2.0,32.20572227777778,4,0,-75.6645956824931,42.1973058896103,0,0,0,0,0,0,0,1,0,0,2022,0.72479278722912,0.6889669190756866,0.8660254037844386,0.5000000000000001,-0.6310879443260528,-0.7757112907044198,-0.678311836269616,0.7347741508630673,1,1,0,0,0,0,1,0,0,0,0,0,0,0,0,1,other,collision with snow embankment,none,broome,colesville,2.8666666666666667,2.931628378,2.3783833333333293,2.992051736781995
1.0,38.66177966666668,0,0,-73.6929204167782,41.5227729275796,0,3,0,0,0,0,0,1,0,0,2022,-0.2993631229733582,-0.9541392564000488,0.4999999999999999,0.8660254037844387,0.2697967711570243,0.9629172873477994,-0.5076658003388407,0.8615540813938056,0,0,0,0,0,0,1,0,0,0,0,0,0,0,0,1,other,collision with guide rail,none,dutchess,east fishkill,1.4333333333333331,2.194682372,6.0150166666667015,8.98318167361398
1.0,33.585168611111115,5,1,-73.7541169819192,42.6388725549163,1,0,0,0,1,1,0,1,0,1,2022,0.6513724827222223,-0.758758122692791,1.0,6.123233995736766e-17,-0.9976687691905392,-0.0682424133646704,0.5963673585385013,0.8027116379309637,1,0,0,0,0,0,1,0,0,0,0,0,0,0,0,1,other,collision with other barrier,none,albany,albany,2.1333333333333333,2.776285628,1.8143166666666737,3.250995673611989
1.0,43.17915572222223,0,0,-73.6929204167782,41.5227729275796,0,3,0,0,0,0,0,1,0,0,2022,-0.2993631229733582,-0.9541392564000488,0.4999999999999999,0.8660254037844387,0.2697967711570243,0.9629172873477994,-0.5076658003388407,0.8615540813938056,0,0,0,0,0,0,1,0,0,0,0,0,0,0,0,1,other,collision with guide rail,none,dutchess,east fishkill,1.0833333333333333,2.194682372,2.689583333333339,5.070924845915009
1.0,39.52548705555556,4,0,-73.8673067093488,41.524989509963,0,0,0,0,0,0,0,1,0,0,2022,-0.9377521321470804,0.3473052528448203,0.8660254037844386,0.5000000000000001,0.631087944326053,-0.7757112907044197,-2.4492935982947064e-16,1.0,0,0,0,0,0,0,1,0,0,0,0,0,0,0,1,0,other,collision with earth element rock cut ditch,none,dutchess,fishkill,1.0166666666666666,1.717469444,1.3857500000000014,2.631905726552987
1.0,46.39165011111111,4,0,-76.7920896759975,42.101936025961,0,0,0,0,0,0,0,1,0,0,2022,-0.9377521321470804,0.3473052528448203,0.8660254037844386,0.5000000000000001,0.9422609221188204,-0.3348796121709861,0.2113826236296243,0.9774033898178668,0,0,0,0,0,0,1,0,0,0,0,1,0,0,0,0,other,collision with guide rail,none,chemung,elmira,1.9,4.471385716,1.8555999999999868,4.048745317445999
2.0,28.433992888888888,6,1,-76.0866348935073,42.5307264214489,0,0,0,0,0,0,0,1,0,1,2022,0.9680771188662044,-0.2506525322587204,0.4999999999999999,0.8660254037844387,0.3984010898462414,-0.917211301505453,0.7525707698561385,0.6585113790650386,0,0,0,0,0,0,1,0,0,0,0,0,0,0,1,0,other,collision with earth element rock cut ditch,none,cortland,virgil,5.35,4.301751433,3.5293333333333137,3.926615468766972
1.0,43.583047666666666,5,1,-75.8164400177222,42.0968143659244,0,0,1,0,0,0,0,1,0,1,2022,0.6513724827222223,-0.758758122692791,1.0,6.123233995736766e-17,0.3984010898462414,-0.917211301505453,-0.8993121301712191,-0.4373073204588555,0,0,0,0,0,0,1,0,0,0,0,0,0,0,0,1,other,ran off road only,none,broome,kirkwood,1.0666666666666669,2.085321076,2.3662499999999995,4.117006028650991
1.0,49.35559561111112,6,1,-73.4714170118253,44.7101522116965,0,0,0,0,0,0,0,1,0,1,2022,0.3943558551133185,0.9189578116202306,0.4999999999999999,0.8660254037844387,-0.6310879443260528,-0.7757112907044198,-0.5963673585385014,0.8027116379309637,0,0,0,0,0,0,1,0,0,0,0,0,0,0,0,1,other,collision with guide rail,none,clinton,plattsburgh,1.8333333333333333,4.967861145,2.7075000000000027,4.372099950765011
1.0,38.21439166666666,0,0,-73.6929204167782,41.5227729275796,0,3,0,0,0,0,0,1,0,0,2022,-0.2993631229733582,-0.9541392564000488,0.4999999999999999,0.8660254037844387,0.2697967711570243,0.9629172873477994,-0.5076658003388407,0.8615540813938056,0,0,0,0,0,0,1,0,0,0,0,0,0,0,0,1,other,collision with guide rail,none,dutchess,east fishkill,7.083333333333333,10.295496099,6.048850000000035,9.024980058041978
1.0,38.4194445,4,0,-73.7619140076569,42.7655740766339,0,0,0,0,0,0,0,1,0,1,2022,0.72479278722912,0.6889669190756866,0.8660254037844386,0.5000000000000001,0.8169698930104421,-0.5766803221148671,-0.4610925014493259,-0.8873520750565715,0,0,0,0,0,0,1,0,0,0,0,0,0,0,1,0,other,collision with earth element rock cut ditch,none,albany,colonie,1.0,1.582010566,1.9264000000000254,4.046354281838041
1.0,30.26082722222223,4,0,-78.890340932578,42.8907511650891,0,0,0,0,0,0,0,1,0,0,2022,-0.4853019625310808,-0.8743466161445822,0.8660254037844386,0.5000000000000001,0.9422609221188204,-0.3348796121709861,0.7164567402983153,-0.6976315211349846,0,0,0,0,0,0,1,0,0,0,0,0,0,0,0,1,other,collision with other barrier,none,erie,buffalo,2.15,2.31771383,2.3588666666666485,2.7449585876639757
1.0,52.00264127777778,6,1,-73.5004415771476,44.5061656699999,0,3,0,0,0,0,0,1,0,1,2022,0.3943558551133185,0.9189578116202306,0.4999999999999999,0.8660254037844387,-0.9422609221188204,-0.3348796121709864,0.9996456111234526,-0.0266205214377746,0,0,0,0,0,0,0,1,0,0,0,0,0,0,0,1,other,collision with tree,none,clinton,ausable,1.1333333333333333,3.708963499,2.0515000000000048,3.633905610425998
1.0,34.77820327777778,0,0,-76.2290179965979,43.0850310577356,0,0,0,0,0,0,0,1,2,0,2022,-0.5712682150947924,0.8207634412072763,1.0,6.123233995736766e-17,0.631087944326053,-0.7757112907044197,0.0,1.0,0,0,0,0,0,0,1,0,0,0,0,0,0,0,0,1,other,collision with guide rail,none,onondaga,geddes,2.2,2.714769899,1.6116666666666708,1.9723123322299858
1.0,36.4061985,4,0,-73.8313668573353,42.6944220070926,0,0,0,0,0,0,0,2,0,0,2022,-0.9377521321470804,0.3473052528448203,0.8660254037844386,0.5000000000000001,-0.6310879443260528,-0.7757112907044198,0.97142989326471,-0.2373266998711148,0,0,0,0,0,0,1,0,0,0,0,0,0,0,0,1,rear end,collision with motor vehicle,none,albany,albany,1.9333333333333331,2.913608619,2.8286666666666678,4.484068519481001
2.0,28.30971844444445,6,1,-76.0866348935073,42.5307264214489,0,0,0,0,0,0,0,1,0,1,2022,0.9680771188662044,-0.2506525322587204,0.4999999999999999,0.8660254037844387,0.3984010898462414,-0.917211301505453,0.7525707698561385,0.6585113790650386,0,0,0,0,0,0,1,0,0,0,0,0,0,0,1,0,other,collision with earth element rock cut ditch,none,cortland,virgil,5.383333333333334,4.301751433,3.541049999999981,3.9266682853019734
2.0,40.14685927777778,0,0,-73.7170501455701,42.6876987963014,0,0,0,0,0,0,0,1,0,1,2022,-0.2993631229733582,-0.9541392564000488,0.4999999999999999,0.8660254037844387,0.8169698930104421,-0.5766803221148671,0.5076658003388399,0.8615540813938061,0,0,0,0,0,0,1,0,0,0,0,1,0,0,0,0,other,collision with guide rail,none,albany,menands,1.05,1.903259373,1.3669499999999943,1.9010168450609841
2.0,24.997804500000004,1,0,-76.1424979828585,43.0443730273274,0,0,0,0,0,0,0,2,2,1,2022,-0.4853019625310808,-0.8743466161445822,0.4999999999999999,0.8660254037844387,-0.3984010898462415,-0.9172113015054528,-0.9968120070307502,0.0797861055530826,0,0,1,0,0,0,0,0,0,0,0,1,0,0,0,0,right angle,collision with motor vehicle,traffic signal,onondaga,syracuse,1.0333333333333334,0.848171415,1.7029166666666447,0.9095411218150028
1.0,38.64935222222223,4,0,-73.7587818438647,42.7891103717349,0,0,0,0,0,0,0,1,0,1,2022,0.72479278722912,0.6889669190756866,0.8660254037844386,0.5000000000000001,0.631087944326053,-0.7757112907044197,-0.9996456111234524,-0.0266205214377751,1,1,0,0,0,0,0,1,0,0,0,0,0,0,1,0,other,collision with sign post,none,albany,colonie,1.7166666666666666,2.658225138,1.5112000000000179,2.3184924078629865
1.0,39.52548705555556,4,0,-73.8226313773826,41.5319028255654,0,0,1,0,0,0,0,1,0,0,2022,-0.9377521321470804,0.3473052528448203,0.8660254037844386,0.5000000000000001,0.3984010898462414,-0.917211301505453,-0.97142989326471,-0.2373266998711151,0,0,0,0,0,0,1,0,1,1,0,0,0,0,1,0,other,collision with earth element rock cut ditch,none,dutchess,east fishkill,1.0166666666666666,1.717469444,2.7629000000000206,6.0703634385260115
4.0,3.4424021111111114,4,0,-73.9225524393462,40.8504441928284,0,2,0,0,0,0,0,2,0,1,2022,0.9377521321470804,0.3473052528448203,0.4999999999999999,-0.8660254037844387,0.5195839500354336,0.8544194045464886,0.5076658003388399,0.8615540813938061,0,0,0,1,0,0,0,0,0,0,0,0,1,0,0,0,overtaking,collision with motor vehicle,none,bronx,bronx,1.85,0.116817748,3.6352500000000356,0.2879725258369983
4.0,2.460634,4,0,-73.9319582186732,40.832358160156,2,0,1,0,2,2,0,2,0,1,2022,0.8486442574947509,0.5289640103269624,-0.8660254037844385,-0.5000000000000004,0.8169698930104421,-0.5766803221148671,0.7865515558026426,-0.6175246149461918,0,0,0,1,0,0,0,0,1,1,1,0,1,0,0,0,overtaking,collision with motor vehicle,none,bronx,bronx,2.6333333333333333,0.116817748,2.438233333333332,0.1467150136649998
1.0,41.18455088888889,4,0,-76.9091581296108,42.1499943053204,0,0,0,0,0,0,0,1,0,0,2022,-0.9377521321470804,0.3473052528448203,0.8660254037844386,0.5000000000000001,0.8169698930104421,-0.5766803221148671,0.5528000653611936,-0.8333139190825148,0,0,0,0,0,0,1,0,0,0,0,1,0,0,0,0,other,collision with guide rail,none,chemung,big flats,1.0,1.672109361,1.2441333333333275,2.2236183767279822
2.0,34.99568355555556,5,1,-73.6796950143811,42.559052059414,1,0,0,0,1,1,0,2,2,0,2022,0.6513724827222223,-0.758758122692791,1.0,6.123233995736766e-17,-0.9976687691905392,-0.0682424133646704,-0.0532221748421785,-0.998582695676762,0,0,0,0,0,0,1,0,0,0,0,0,0,0,0,1,right angle,collision with motor vehicle,stop sign,rensselaer,schodack,5.816666666666666,7.22654473,1.8015666666666694,3.116677011396993
2.0,38.133613277777776,4,0,-78.8208127358593,43.0039391511324,0,3,0,0,0,0,0,2,0,0,2022,-0.9377521321470804,0.3473052528448203,0.8660254037844386,0.5000000000000001,0.9976687691905392,-0.0682424133646708,0.0532221748421787,-0.998582695676762,1,1,0,0,0,0,1,0,1,1,1,0,0,0,0,1,overtaking,collision with motor vehicle,none,erie,amherst,1.2333333333333334,2.002678733,1.5227666666666726,2.284519569809002
1.0,47.193220277777776,6,1,-76.0750611728276,42.5018858218199,0,0,0,0,0,0,0,1,0,1,2022,0.9680771188662044,-0.2506525322587204,0.4999999999999999,0.8660254037844387,0.3984010898462414,-0.917211301505453,0.6382441836448203,-0.769833983429906,0,0,0,0,0,0,1,0,0,0,0,0,0,1,0,0,other,collision with guide rail,none,cortland,virgil,1.9,4.406763132,2.3908500000000106,4.258325056551985
1.0,35.461712722222224,1,0,-76.0800982503569,42.5196150975183,0,0,0,0,0,0,0,1,0,1,2022,-0.651372482722222,-0.7587581226927911,0.8660254037844387,-0.4999999999999998,0.9422609221188204,-0.3348796121709861,0.9996456111234526,-0.0266205214377746,1,1,0,0,0,0,1,0,0,0,0,0,0,0,0,1,other,collision with snow embankment,none,cortland,virgil,3.55,4.301751433,2.8771333333333016,3.849867451072977
2.0,32.74010238888889,5,1,-73.6993045595562,42.737468252909,0,0,0,0,0,0,0,1,0,1,2022,-0.3943558551133187,0.9189578116202306,0.4999999999999999,0.8660254037844387,-0.6310879443260528,-0.7757112907044198,-0.8477344278896709,-0.5304209081197426,0,0,0,0,0,0,0,1,0,0,0,1,0,0,0,0,other,collision with other barrier,none,albany,colonie,1.5166666666666666,1.680808555,1.6110999999999889,2.0441123726510244
1.0,38.84819133333334,1,0,-73.9355625675893,42.7548668355204,0,1,0,0,0,0,0,2,0,0,2022,-0.651372482722222,-0.7587581226927911,0.8660254037844387,-0.4999999999999998,0.9976687691905392,-0.0682424133646708,0.9407002666710332,-0.3392388661180303,0,0,1,0,0,0,0,0,0,0,0,0,0,1,0,0,right angle,collision with guide rail,none,albany,guilderland,1.15,2.100855351,2.3746499999999986,2.4243249379540033
1.0,35.989879111111115,5,1,-73.7540821841612,42.6706641459873,0,0,0,0,0,0,0,2,0,1,2022,-0.3943558551133187,0.9189578116202306,0.4999999999999999,0.8660254037844387,0.1361666490962471,-0.9906859460363306,-0.9574220383620052,0.2886919473396213,0,0,0,0,0,0,1,0,0,0,0,1,0,0,0,0,rear end,collision with motor vehicle,none,albany,albany,1.3833333333333333,1.959804134,1.459716666666666,2.314272677402002
1.0,39.49441844444445,1,0,-76.1409366318706,43.0287394909984,0,2,0,0,0,0,0,1,1,0,2022,0.7907757369376989,-0.6121059825476626,0.4999999999999999,0.8660254037844387,0.9790840876823228,0.2034560130526337,-0.8477344278896709,-0.5304209081197426,0,0,0,0,0,0,1,0,0,0,0,0,0,0,0,1,other,collision with guide rail,none,onondaga,syracuse,1.0833333333333333,2.012620669,1.2182000000000126,2.3366743446940217
1.0,38.68663455555556,1,0,-73.7669214226981,42.8163011708521,0,0,0,0,0,0,0,2,1,1,2022,-0.651372482722222,-0.7587581226927911,0.8660254037844387,-0.4999999999999998,0.9422609221188204,-0.3348796121709861,0.6382441836448203,-0.769833983429906,0,0,0,0,0,0,0,1,0,0,0,0,0,0,0,1,overtaking,collision with motor vehicle,none,saratoga,halfmoon,1.1666666666666667,1.785198883,1.9493500000000175,2.7356075754849587
1.0,39.71189872222222,0,0,-78.9090598677298,42.9501477812111,3,2,0,0,3,0,3,2,0,0,2022,-0.5712682150947924,0.8207634412072763,1.0,6.123233995736766e-17,0.9790840876823228,0.2034560130526337,-0.3641605752528223,-0.9313361774523384,0,0,0,0,0,0,1,0,0,0,0,1,0,0,0,0,head on,collision with motor vehicle,none,erie,buffalo,1.1833333333333331,2.655739654,1.7059999999999962,3.3469440552059617
1.0,39.9853025,4,0,-77.6224075294261,43.1572861904077,0,0,0,0,0,0,0,1,1,0,2022,-0.9377521321470804,0.3473052528448203,0.8660254037844386,0.5000000000000001,-0.3984010898462415,-0.9172113015054528,0.6382441836448203,-0.769833983429906,1,1,0,0,0,0,1,0,0,0,0,0,0,0,0,1,other,collision with guide rail,none,monroe,rochester,1.0333333333333334,2.233828745,1.3691833333333319,2.823218401000985
1.0,36.319206388888894,5,1,-76.1361091889575,42.5935112039708,0,0,0,0,0,0,0,1,0,1,2022,0.6513724827222223,-0.758758122692791,1.0,6.123233995736766e-17,-0.1361666490962464,-0.9906859460363308,0.2113826236296243,0.9774033898178668,0,0,0,0,0,0,1,0,0,0,0,0,0,0,0,1,other,collision with guide rail,none,cortland,cortlandville,2.966666666666667,3.785392132,1.295550000000007,1.9103585366749958
1.0,42.77526377777778,4,0,-75.9177332523751,42.2479760969964,0,0,0,0,0,0,0,1,0,1,2022,-0.9377521321470804,0.3473052528448203,0.8660254037844386,0.5000000000000001,0.9422609221188204,-0.3348796121709861,-0.5963673585385014,0.8027116379309637,0,0,0,0,0,0,1,0,0,0,0,1,0,0,0,0,other,collision with earth element rock cut ditch,none,broome,barker,3.2,6.17021403,1.6928499999999933,3.26386302428001
1.0,46.64641272222221,6,1,-75.6866939710175,42.1880592023722,0,3,0,0,0,0,0,1,0,0,2022,-0.72479278722912,0.6889669190756865,0.8660254037844386,0.5000000000000001,-2.4492935982947064e-16,1.0,0.0532221748421787,-0.998582695676762,1,1,0,0,0,0,1,0,0,0,0,0,0,0,1,0,other,collision with other fixed object,none,broome,colesville,1.7666666666666666,4.742924843,1.969233333333332,3.8941165227250165
2.0,40.85522361111112,0,0,-76.1638357448691,43.0664220557283,0,1,0,0,0,0,0,2,1,0,2022,-0.5712682150947924,0.8207634412072763,1.0,6.123233995736766e-17,0.9976687691905392,-0.0682424133646708,-0.4610925014493259,-0.8873520750565715,0,0,0,0,0,0,1,0,0,0,0,0,0,0,0,1,overtaking,collision with motor vehicle,none,onondaga,syracuse,1.2,2.338219073,1.3274000000000015,2.306345226183973
1.0,41.22183322222222,4,0,-78.7663929978967,42.9591270455858,0,0,0,0,0,0,0,2,0,0,2022,-0.4853019625310808,-0.8743466161445822,0.8660254037844386,0.5000000000000001,0.3984010898462414,-0.917211301505453,-0.9996456111234524,-0.0266205214377751,1,0,0,0,0,0,1,0,0,0,0,1,0,0,0,0,rear end,collision with motor vehicle,none,erie,amherst,2.2,4.658418387,1.8541166666666709,3.970218935950062
1.0,46.07475027777778,5,1,-75.8164400177222,42.0968143659244,0,0,1,0,0,0,0,1,0,1,2022,0.6513724827222223,-0.758758122692791,1.0,6.123233995736766e-17,0.3984010898462414,-0.917211301505453,-0.8993121301712191,-0.4373073204588555,0,0,0,0,0,0,1,0,0,0,0,0,0,0,0,1,other,ran off road only,none,broome,kirkwood,2.55,5.9875309560000005,2.3169000000000075,4.19840500827999
1.0,42.43972277777778,5,1,-76.0422069006089,42.4571389296367,0,0,0,0,0,0,0,1,0,1,2022,0.6513724827222223,-0.758758122692791,1.0,6.123233995736766e-17,0.8169698930104421,-0.5766803221148671,-0.8183027759081689,0.574787410214407,0,0,0,0,0,0,1,0,0,0,0,0,0,0,0,1,other,collision with earth element rock cut ditch,none,cortland,marathon,1.7333333333333334,3.174584439,1.8876666666666675,3.547218763587014
1.0,38.77984038888889,5,1,-76.1519085888192,43.0537413027933,1,2,0,0,2,2,0,2,1,0,2022,0.9987165071710528,-0.0506491688387126,0.4999999999999999,0.8660254037844387,0.2697967711570243,0.9629172873477994,-0.7164567402983151,-0.6976315211349847,0,0,0,0,0,0,1,0,0,0,0,0,1,0,0,0,overtaking,collision with motor vehicle,none,onondaga,syracuse,1.05,2.197789227,1.117733333333322,2.3059307717269846
1.0,35.08267566666667,0,0,-73.7392416165895,42.6592162743822,0,3,0,0,0,0,0,1,0,1,2022,-0.2993631229733582,-0.9541392564000488,0.4999999999999999,0.8660254037844387,0.9976687691905392,-0.0682424133646708,0.97142989326471,-0.2373266998711148,0,0,0,0,0,0,1,0,0,0,0,0,0,0,0,1,other,collision with guide rail,none,albany,albany,2.183333333333333,3.0459606420000003,2.1535000000000215,3.020658414879995
1.0,44.57724322222222,4,0,-73.8226313773826,41.5319028255654,0,0,1,0,0,0,0,1,0,0,2022,-0.9377521321470804,0.3473052528448203,0.8660254037844386,0.5000000000000001,0.3984010898462414,-0.917211301505453,-0.97142989326471,-0.2373266998711151,0,0,0,0,0,0,1,0,1,1,0,0,0,0,1,0,other,collision with earth element rock cut ditch,none,dutchess,east fishkill,3.0,6.95314149,3.051466666666704,7.0179796897370155